Station_ID,Station_Name,Province,July_2026_Classification,DLY_First_Year,DLY_Last_Year,Latitude,Longitude,AGCM_AGDM
32232,ABEE AGDM,ALBERTA,ACTIVE_FUNCTIONAL,2002,2024,54.28,-112.97,YES
47748,ACADIA VALLEY,ALBERTA,ACTIVE_FUNCTIONAL,2010,2024,51.07,-110.32,NO
46127,ALBERT HALL AGCM,ALBERTA,ACTIVE_FUNCTIONAL,2010,2024,53.11,-111.18,YES
46327,ALLIANCE AGCM,ALBERTA,ACTIVE_FUNCTIONAL,2010,2024,52.32,-111.78,YES
32253,ANDREW AGDM,ALBERTA,ACTIVE_FUNCTIONAL,2002,2024,53.92,-112.28,YES
47047,ATHABASCA AGCM,ALBERTA,ACTIVE_FUNCTIONAL,2010,2024,54.63,-113.38,YES
47787,ATLEE AGCM,ALBERTA,ACTIVE_FUNCTIONAL,2010,2024,50.81,-111.01,YES
32231,ATMORE AGDM,ALBERTA,ACTIVE_FUNCTIONAL,2002,2024,54.78,-112.83,YES
47727,AZURE,ALBERTA,ACTIVE_FUNCTIONAL,2010,2024,50.51,-114.01,NO
31408,BARNWELL AGDM,ALBERTA,ACTIVE_FUNCTIONAL,2002,2024,49.8,-112.3,YES
46447,BARONS AGCM,ALBERTA,ACTIVE_FUNCTIONAL,2010,2024,50.03,-113.22,YES
46467,BASSANO AGCM,ALBERTA,ACTIVE_FUNCTIONAL,2010,2024,50.89,-112.47,YES
46468,BEISEKER AGCM,ALBERTA,ACTIVE_FUNCTIONAL,2010,2024,51.38,-113.36,YES
46128,BELLSHILL AGCM,ALBERTA,ACTIVE_FUNCTIONAL,2010,2024,52.58,-111.47,YES
46469,BIG VALLEY AGCM,ALBERTA,ACTIVE_FUNCTIONAL,2010,2024,52.0,-112.8,YES
47747,BLACK DIAMOND,ALBERTA,ACTIVE_FUNCTIONAL,2010,2024,50.71,-114.15,NO
42703,BLOOD TRIBE AGDM,ALBERTA,ACTIVE_FUNCTIONAL,2004,2024,49.57,-113.05,YES
32149,BODO AGDM,ALBERTA,ACTIVE_FUNCTIONAL,2002,2024,52.12,-110.1,YES
42723,BOW ISLAND IRRIGATION AGDM,ALBERTA,ACTIVE_FUNCTIONAL,2004,2022,49.87,-111.37,YES
10928,BRETON PLOTS,ALBERTA,ACTIVE_FUNCTIONAL,2001,2024,53.09,-114.44,NO
31407,BROCKET AGDM,ALBERTA,ACTIVE_FUNCTIONAL,2001,2024,49.62,-113.82,YES
47067,BROWNVALE AGCM,ALBERTA,ACTIVE_FUNCTIONAL,2010,2024,56.12,-117.89,YES
47068,BUSBY AGCM,ALBERTA,ACTIVE_FUNCTIONAL,2010,2024,53.93,-113.92,YES
46470,CADOGAN AGCM,ALBERTA,ACTIVE_FUNCTIONAL,2010,2024,52.33,-110.51,YES
32254,CHAMPION AGDM,ALBERTA,ACTIVE_FUNCTIONAL,2002,2024,50.28,-113.35,YES
32255,CLEARDALE AGDM,ALBERTA,ACTIVE_FUNCTIONAL,2003,2024,56.31,-119.75,YES
32230,CONSORT AGDM,ALBERTA,ACTIVE_FUNCTIONAL,2002,2024,51.94,-110.71,YES
46471,CRAIGMYLE AGCM,ALBERTA,ACTIVE_FUNCTIONAL,2010,2024,51.78,-112.25,YES
47069,CRESTOMERE AGCM,ALBERTA,ACTIVE_FUNCTIONAL,2010,2024,52.73,-113.9,YES
31414,DAPP AGDM,ALBERTA,ACTIVE_FUNCTIONAL,2001,2021,54.32,-113.95,YES
32256,DEL BONITA AGDM,ALBERTA,ACTIVE_FUNCTIONAL,2002,2024,49.05,-112.82,YES
46730,DELBURNE AGCM,ALBERTA,ACTIVE_FUNCTIONAL,2010,2024,52.18,-113.18,YES
46731,DEWBERRY AGCM,ALBERTA,ACTIVE_FUNCTIONAL,2010,2024,53.66,-110.59,YES
47070,DUPRE AGCM,ALBERTA,ACTIVE_FUNCTIONAL,2010,2024,54.37,-110.87,YES
47071,EAGLESHAM AGCM,ALBERTA,ACTIVE_FUNCTIONAL,2010,2024,55.81,-117.89,YES
46129,EDGERTON AGCM,ALBERTA,ACTIVE_FUNCTIONAL,2010,2024,52.78,-110.43,YES
42724,ENCHANT AGDM,ALBERTA,ACTIVE_FUNCTIONAL,2004,2024,50.18,-112.43,YES
46732,ETZIKOM AGCM,ALBERTA,ACTIVE_FUNCTIONAL,2010,2024,49.55,-111.05,YES
31469,FAIRVIEW AGDM,ALBERTA,ACTIVE_FUNCTIONAL,2002,2024,56.08,-118.44,YES
46733,FERINTOSH AGCM,ALBERTA,ACTIVE_FUNCTIONAL,2010,2024,52.74,-112.86,YES
42727,FINCASTLE AGDM,ALBERTA,ACTIVE_FUNCTIONAL,2004,2024,49.8,-112.03,YES
32257,FOREMOST AGDM,ALBERTA,ACTIVE_FUNCTIONAL,2002,2024,49.48,-111.49,YES
46130,FORESTBURG AGCM,ALBERTA,ACTIVE_FUNCTIONAL,2010,2024,52.55,-112.12,YES
47128,FORT ASSINIBOINE AGCM,ALBERTA,ACTIVE_FUNCTIONAL,2010,2024,54.41,-114.77,YES
46734,FORT MACLEOD AGCM,ALBERTA,ACTIVE_FUNCTIONAL,2010,2024,49.79,-113.38,YES
46131,GILT EDGE NORTH AGCM,ALBERTA,ACTIVE_FUNCTIONAL,2010,2024,53.07,-110.62,YES
47073,GLEICHEN AGCM,ALBERTA,ACTIVE_FUNCTIONAL,2010,2024,50.93,-112.94,YES
45647,GRASSY LAKE,ALBERTA,ACTIVE_FUNCTIONAL,2010,2024,49.87,-111.73,NO
46787,HALKIRK AGCM,ALBERTA,ACTIVE_FUNCTIONAL,2010,2024,52.12,-112.16,YES
47075,HAWK HILLS AGCM,ALBERTA,ACTIVE_FUNCTIONAL,2010,2024,57.26,-117.3,YES
46907,HEMARUKA AGCM,ALBERTA,ACTIVE_FUNCTIONAL,2010,2024,51.78,-111.21,YES
47076,HESPERO AGCM,ALBERTA,ACTIVE_FUNCTIONAL,2010,2024,52.31,-114.49,YES
32274,HIGH PRAIRIE AGDM,ALBERTA,ACTIVE_FUNCTIONAL,2002,2024,55.4,-116.48,YES
32395,HOLDEN AGDM,ALBERTA,ACTIVE_FUNCTIONAL,2002,2024,53.19,-112.25,YES
46908,HUGHENDEN AGCM,ALBERTA,ACTIVE_FUNCTIONAL,2010,2024,52.58,-110.78,YES
31409,HUSSAR AGDM,ALBERTA,ACTIVE_FUNCTIONAL,2001,2024,51.18,-112.5,YES
42728,IRON SPRINGS AGDM,ALBERTA,ACTIVE_FUNCTIONAL,2004,2023,49.9,-112.73,YES
46807,IRVINE AGCM,ALBERTA,ACTIVE_FUNCTIONAL,2010,2024,49.99,-110.26,YES
47077,JEAN COTE AGCM,ALBERTA,ACTIVE_FUNCTIONAL,2010,2024,55.91,-117.12,YES
46909,KESSLER AGCM,ALBERTA,ACTIVE_FUNCTIONAL,2010,2024,52.29,-111.11,YES
46808,KITSCOTY AGCM,ALBERTA,ACTIVE_FUNCTIONAL,2010,2024,53.35,-110.42,YES
47147,LA CRETE AGCM,ALBERTA,ACTIVE_FUNCTIONAL,2010,2024,58.17,-116.34,YES
47087,LA GLACE AGCM,ALBERTA,ACTIVE_FUNCTIONAL,2010,2024,55.42,-119.25,YES
43561,LEEDALE AGDM,ALBERTA,ACTIVE_FUNCTIONAL,2005,2024,52.55,-114.47,YES
47088,LEGAL AGCM,ALBERTA,ACTIVE_FUNCTIONAL,2010,2024,54.0,-113.47,YES
42726,LETHBRIDGE DEMO FARM AGDM,ALBERTA,ACTIVE_FUNCTIONAL,2004,2024,49.68,-112.75,YES
43560,LINDBERGH AGDM,ALBERTA,ACTIVE_FUNCTIONAL,2005,2024,53.94,-110.58,YES
46910,LINDEN AGCM,ALBERTA,ACTIVE_FUNCTIONAL,2010,2024,51.62,-113.66,YES
46767,MANNVILLE AGCM,ALBERTA,ACTIVE_FUNCTIONAL,2010,2024,53.46,-111.26,YES
46809,MANYBERRIES AGCM,ALBERTA,ACTIVE_FUNCTIONAL,2010,2024,49.36,-110.68,YES
31411,MASINASIN AGDM,ALBERTA,ACTIVE_FUNCTIONAL,2002,2024,49.14,-111.65,YES
32433,MORRIN AGDM,ALBERTA,ACTIVE_FUNCTIONAL,2002,2024,51.66,-112.68,YES
46810,MOSSLEIGH AGCM,ALBERTA,ACTIVE_FUNCTIONAL,2010,2024,50.67,-113.35,YES
41785,MUNDARE AGDM,ALBERTA,ACTIVE_FUNCTIONAL,2003,2024,53.57,-112.3,YES
46811,MYRNAM LITE,ALBERTA,ACTIVE_FUNCTIONAL,2010,2022,53.71,-111.13,NO
46911,NEW SAREPTA AGCM,ALBERTA,ACTIVE_FUNCTIONAL,2010,2024,53.26,-113.17,YES
43580,NIER AGDM,ALBERTA,ACTIVE_FUNCTIONAL,2005,2024,51.37,-114.1,YES
32453,OLDS AGDM,ALBERTA,ACTIVE_FUNCTIONAL,2002,2024,51.76,-114.08,YES
31410,OYEN AGDM,ALBERTA,ACTIVE_FUNCTIONAL,2002,2024,51.38,-110.35,YES
46912,PAKOWKI LAKE AGCM,ALBERTA,ACTIVE_FUNCTIONAL,2010,2024,49.22,-111.13,YES
31468,PEORIA AGDM,ALBERTA,ACTIVE_FUNCTIONAL,2002,2024,55.62,-118.29,YES
32454,POLLOCKVILLE AGDM,ALBERTA,ACTIVE_FUNCTIONAL,2002,2024,51.13,-111.71,YES
41784,PRENTISS,ALBERTA,ACTIVE_FUNCTIONAL,2003,2024,52.43,-113.6,NO
47767,QUEENSTOWN,ALBERTA,ACTIVE_FUNCTIONAL,2010,2023,50.6,-112.8,NO
42729,RAYMOND AGDM,ALBERTA,ACTIVE_FUNCTIONAL,2004,2024,49.48,-112.68,YES
46812,RIBSTONE SOUTH AGCM,ALBERTA,ACTIVE_FUNCTIONAL,2010,2024,52.59,-110.34,YES
31413,RICH LAKE AGDM,ALBERTA,ACTIVE_FUNCTIONAL,2001,2024,54.5,-111.7,YES
46132,RIVERCOURSE AGCM,ALBERTA,ACTIVE_FUNCTIONAL,2010,2024,53.02,-110.1,YES
46827,ROLLING HILLS AGCM,ALBERTA,ACTIVE_FUNCTIONAL,2010,2024,50.27,-111.7,YES
46847,ROSALIND AGCM,ALBERTA,ACTIVE_FUNCTIONAL,2010,2024,52.79,-112.42,YES
42731,ROSEMARY AGDM,ALBERTA,ACTIVE_FUNCTIONAL,2004,2024,50.83,-112.05,YES
47090,RYCROFT AGCM,ALBERTA,ACTIVE_FUNCTIONAL,2010,2024,55.78,-118.67,YES
47107,SAVANNA AGCM,ALBERTA,ACTIVE_FUNCTIONAL,2010,2024,56.08,-119.34,YES
32455,SCHULER AGDM,ALBERTA,ACTIVE_FUNCTIONAL,2002,2024,50.31,-110.09,YES
46887,SEDALIA AGCM,ALBERTA,ACTIVE_FUNCTIONAL,2010,2024,51.59,-110.75,YES
42730,SEVEN PERSONS AGDM,ALBERTA,ACTIVE_FUNCTIONAL,2004,2024,49.92,-110.92,YES
46848,SHONTS AGCM,ALBERTA,ACTIVE_FUNCTIONAL,2010,2024,53.33,-112.54,YES
32456,SMOKY LAKE AGDM,ALBERTA,ACTIVE_FUNCTIONAL,2002,2024,54.28,-112.5,YES
46913,SPONDIN AGCM,ALBERTA,ACTIVE_FUNCTIONAL,2010,2024,51.82,-111.68,YES
47127,ST. LINA AGCM,ALBERTA,ACTIVE_FUNCTIONAL,2010,2024,54.28,-111.45,YES
32457,ST. PAUL AGCM,ALBERTA,ACTIVE_FUNCTIONAL,2002,2024,54.01,-111.27,YES
46849,STANDARD AGCM,ALBERTA,ACTIVE_FUNCTIONAL,2010,2024,51.23,-112.98,YES
32458,STETTLER AGDM,ALBERTA,ACTIVE_FUNCTIONAL,2003,2024,52.35,-112.6,YES
42725,STRATHMORE AGDM,ALBERTA,ACTIVE_FUNCTIONAL,2004,2024,51.03,-113.28,YES
52478,SWEETGRASS LANDING,ALBERTA,ACTIVE_FUNCTIONAL,2018,2024,58.85,-112.0,NO
47108,TAWATINAW AGCM,ALBERTA,ACTIVE_FUNCTIONAL,2010,2024,54.3,-113.52,YES
47109,TEEPEE CREEK AGCM,ALBERTA,ACTIVE_FUNCTIONAL,2010,2024,55.35,-118.41,YES
46850,THORSBY AGCM,ALBERTA,ACTIVE_FUNCTIONAL,2010,2024,53.22,-113.89,YES
10907,THREE HILLS,ALBERTA,ACTIVE_FUNCTIONAL,1993,2024,51.77,-113.21,NO
43581,TOMAHAWK AGDM,ALBERTA,ACTIVE_FUNCTIONAL,2005,2024,53.44,-114.72,YES
46914,TRAVERS AGCM,ALBERTA,ACTIVE_FUNCTIONAL,2010,2024,50.3,-112.86,YES
46851,TULLIBY LAKE AGCM,ALBERTA,ACTIVE_FUNCTIONAL,2010,2024,53.66,-110.08,YES
32459,TWO HILLS AGDM,ALBERTA,ACTIVE_FUNCTIONAL,2003,2024,53.63,-111.68,YES
32460,VALLEYVIEW AGDM,ALBERTA,ACTIVE_FUNCTIONAL,2002,2024,55.1,-117.2,YES
32461,VERMILION AGDM,ALBERTA,ACTIVE_FUNCTIONAL,2002,2024,53.34,-110.88,YES
46852,VIKING AGCM,ALBERTA,ACTIVE_FUNCTIONAL,2010,2024,53.18,-111.73,YES
47110,VILNA AGCM,ALBERTA,ACTIVE_FUNCTIONAL,2010,2023,54.13,-111.92,YES
46853,WETASKIWIN AGCM,ALBERTA,ACTIVE_FUNCTIONAL,2010,2024,52.98,-113.44,YES
46729,WIMBORNE AGCM,ALBERTA,ACTIVE_FUNCTIONAL,2010,2024,51.94,-113.59,YES
31412,WRENTHAM AGDM,ALBERTA,ACTIVE_FUNCTIONAL,2002,2024,49.5,-112.12,YES
55418,BEAVERDAM AGCM,ALBERTA,ACTIVE_TRANSMISSION_ISSUE,2023,2024,54.18,-110.32,YES
45747,BULLHORN COULEE RESERVOIR,ALBERTA,ACTIVE_TRANSMISSION_ISSUE,2010,2018,49.3,-113.36,NO
45749,BULLHORN HEADWATERS,ALBERTA,ACTIVE_TRANSMISSION_ISSUE,2010,2018,49.15,-113.55,NO
55419,DUCK LAKE AGCM,ALBERTA,ACTIVE_TRANSMISSION_ISSUE,2023,2024,54.68,-113.94,YES
47074,GLENEVIS AGCM,ALBERTA,ACTIVE_TRANSMISSION_ISSUE,2010,2024,53.83,-114.54,YES
45748,GLENWOOD,ALBERTA,ACTIVE_TRANSMISSION_ISSUE,2010,2018,49.33,-113.52,NO
32313,KILLAM AGDM,ALBERTA,ACTIVE_TRANSMISSION_ISSUE,2002,2024,52.85,-111.87,YES
55478,LLOYDMINSTER LITE,ALBERTA,ACTIVE_TRANSMISSION_ISSUE,2023,2024,53.36,-110.03,NO
32394,MANNING AGDM,ALBERTA,ACTIVE_TRANSMISSION_ISSUE,2002,2024,56.97,-117.45,YES
45767,MILK RIVER RIDGE RESERVOIR,ALBERTA,ACTIVE_TRANSMISSION_ISSUE,2010,2018,49.28,-112.54,NO
41783,OLIVER AGDM,ALBERTA,ACTIVE_TRANSMISSION_ISSUE,2003,2024,53.65,-113.35,YES
55338,PIBROCH AGCM,ALBERTA,ACTIVE_TRANSMISSION_ISSUE,2022,2024,54.31,-113.82,YES
47089,RADWAY AGCM,ALBERTA,ACTIVE_TRANSMISSION_ISSUE,2010,2024,54.0,-112.88,YES
55538,REDWATER INDUSTRIAL AGCM,ALBERTA,ACTIVE_TRANSMISSION_ISSUE,2023,2024,53.84,-113.1,YES
45727,ST. MARY RESERVOIR,ALBERTA,ACTIVE_TRANSMISSION_ISSUE,2010,2020,49.36,-113.11,NO
47072,EVANSBURG AGCM,ALBERTA,DECOMMISSIONED,2010,2015,53.57,-115.12,YES
